[
  {"model": "colleges.university", "pk": 1, "fields": {}},
  {"model": "colleges.universityTranslation", "pk": 1, "fields": {"master": 1, "language_code": "en", "name": "Junagadh Agricultural University", "short_name": "JAU"}},
  {"model": "colleges.universityTranslation", "pk": 2, "fields": {"master": 1, "language_code": "gu", "name": "જૂનાગઢ કૃષિ યુનિવર્સિટી", "short_name": "JAU"}},

  {"model": "colleges.university", "pk": 2, "fields": {}},
  {"model": "colleges.universityTranslation", "pk": 3, "fields": {"master": 2, "language_code": "en", "name": "Anand Agricultural University", "short_name": "AAU"}},
  {"model": "colleges.universityTranslation", "pk": 4, "fields": {"master": 2, "language_code": "gu", "name": "આણંદ કૃષિ યુનિવર્સિટી", "short_name": "AAU"}},

  {"model": "colleges.university", "pk": 3, "fields": {}},
  {"model": "colleges.universityTranslation", "pk": 5, "fields": {"master": 3, "language_code": "en", "name": "Navsari Agricultural University", "short_name": "NAU"}},
  {"model": "colleges.universityTranslation", "pk": 6, "fields": {"master": 3, "language_code": "gu", "name": "નવસારી કૃષિ યુનિવર્સિટી", "short_name": "NAU"}},

  {"model": "colleges.university", "pk": 4, "fields": {}},
  {"model": "colleges.universityTranslation", "pk": 7, "fields": {"master": 4, "language_code": "en", "name": "Sardarkrushinagar Dantiwada Agricultural University", "short_name": "SDAU"}},
  {"model": "colleges.universityTranslation", "pk": 8, "fields": {"master": 4, "language_code": "gu", "name": "સરદારકૃષિનગર દાંતીવાડા કૃષિ યુનિવર્સિટી", "short_name": "SDAU"}},

  {"model": "colleges.college", "pk": 1,  "fields": {"code": "001", "university": 1, "category": "1", "is_active": true}},
  {"model": "colleges.college", "pk": 2,  "fields": {"code": "002", "university": 1, "category": "1", "is_active": true}},
  {"model": "colleges.college", "pk": 3,  "fields": {"code": "003", "university": 1, "category": "1", "is_active": true}},
  {"model": "colleges.college", "pk": 4,  "fields": {"code": "013", "university": 1, "category": "1", "is_active": true}},
  {"model": "colleges.college", "pk": 5,  "fields": {"code": "020", "university": 1, "category": "2", "is_active": true}},
  {"model": "colleges.college", "pk": 6,  "fields": {"code": "029", "university": 1, "category": "1", "is_active": true}},

  {"model": "colleges.college", "pk": 7,  "fields": {"code": "004", "university": 2, "category": "1", "is_active": true}},
  {"model": "colleges.college", "pk": 8,  "fields": {"code": "005", "university": 2, "category": "1", "is_active": true}},
  {"model": "colleges.college", "pk": 9,  "fields": {"code": "006", "university": 2, "category": "1", "is_active": true}},
  {"model": "colleges.college", "pk": 10, "fields": {"code": "014", "university": 2, "category": "1", "is_active": true}},
  {"model": "colleges.college", "pk": 11, "fields": {"code": "021", "university": 2, "category": "2", "is_active": true}},
  {"model": "colleges.college", "pk": 12, "fields": {"code": "023", "university": 2, "category": "2", "is_active": true}},
  {"model": "colleges.college", "pk": 13, "fields": {"code": "026", "university": 2, "category": "2", "is_active": true}},

  {"model": "colleges.college", "pk": 14, "fields": {"code": "007", "university": 3, "category": "1", "is_active": true}},
  {"model": "colleges.college", "pk": 15, "fields": {"code": "008", "university": 3, "category": "1", "is_active": true}},
  {"model": "colleges.college", "pk": 16, "fields": {"code": "009", "university": 3, "category": "1", "is_active": true}},
  {"model": "colleges.college", "pk": 17, "fields": {"code": "016", "university": 3, "category": "1", "is_active": true}},
  {"model": "colleges.college", "pk": 18, "fields": {"code": "017", "university": 3, "category": "1", "is_active": true}},
  {"model": "colleges.college", "pk": 19, "fields": {"code": "019", "university": 3, "category": "1", "is_active": true}},
  {"model": "colleges.college", "pk": 20, "fields": {"code": "022", "university": 3, "category": "2", "is_active": true}},

  {"model": "colleges.college", "pk": 21, "fields": {"code": "010", "university": 4, "category": "1", "is_active": true}},
  {"model": "colleges.college", "pk": 22, "fields": {"code": "011", "university": 4, "category": "1", "is_active": true}},
  {"model": "colleges.college", "pk": 23, "fields": {"code": "012", "university": 4, "category": "1", "is_active": true}},
  {"model": "colleges.college", "pk": 24, "fields": {"code": "015", "university": 4, "category": "1", "is_active": true}},
  {"model": "colleges.college", "pk": 25, "fields": {"code": "018", "university": 4, "category": "1", "is_active": true}},
  {"model": "colleges.college", "pk": 26, "fields": {"code": "024", "university": 4, "category": "2", "is_active": true}},
  {"model": "colleges.college", "pk": 27, "fields": {"code": "025", "university": 4, "category": "2", "is_active": true}},
  {"model": "colleges.college", "pk": 28, "fields": {"code": "027", "university": 4, "category": "3", "is_active": true}},
  {"model": "colleges.college", "pk": 29, "fields": {"code": "028", "university": 4, "category": "3", "is_active": true}},
  {"model": "colleges.college", "pk": 30, "fields": {"code": "030", "university": 4, "category": "2", "is_active": true}},
  {"model": "colleges.college", "pk": 31, "fields": {"code": "031", "university": 4, "category": "1", "is_active": true}},

  {"model": "colleges.collegeTranslation", "pk": 1,  "fields": {"master": 1,  "language_code": "en", "name": "College of Agriculture, JAU, Junagadh",                           "city": "Junagadh",       "district": "Junagadh"}},
  {"model": "colleges.collegeTranslation", "pk": 2,  "fields": {"master": 2,  "language_code": "en", "name": "College of Agriculture, JAU, Mota Bhandariya (Amreli)",           "city": "Amreli",         "district": "Amreli"}},
  {"model": "colleges.collegeTranslation", "pk": 3,  "fields": {"master": 3,  "language_code": "en", "name": "ASPEE College of Agriculture, JAU, Khapat (Porbandar)",           "city": "Porbandar",      "district": "Porbandar"}},
  {"model": "colleges.collegeTranslation", "pk": 4,  "fields": {"master": 4,  "language_code": "en", "name": "College of Horticulture, JAU, Junagadh",                          "city": "Junagadh",       "district": "Junagadh"}},
  {"model": "colleges.collegeTranslation", "pk": 5,  "fields": {"master": 5,  "language_code": "en", "name": "College of Agricultural Engineering & Technology, JAU, Junagadh", "city": "Junagadh",       "district": "Junagadh"}},
  {"model": "colleges.collegeTranslation", "pk": 6,  "fields": {"master": 6,  "language_code": "en", "name": "College of Agriculture, Morbi (Currently at Junagadh)",           "city": "Junagadh",       "district": "Junagadh"}},
  {"model": "colleges.collegeTranslation", "pk": 7,  "fields": {"master": 7,  "language_code": "en", "name": "B. A. College of Agriculture, AAU, Anand",                        "city": "Anand",          "district": "Anand"}},
  {"model": "colleges.collegeTranslation", "pk": 8,  "fields": {"master": 8,  "language_code": "en", "name": "College of Agriculture, AAU, Vaso",                               "city": "Vaso",           "district": "Kheda"}},
  {"model": "colleges.collegeTranslation", "pk": 9,  "fields": {"master": 9,  "language_code": "en", "name": "College of Agriculture, AAU, Jabugam",                            "city": "Jabugam",        "district": "Chhota Udaipur"}},
  {"model": "colleges.collegeTranslation", "pk": 10, "fields": {"master": 10, "language_code": "en", "name": "College of Horticulture, AAU, Anand",                             "city": "Anand",          "district": "Anand"}},
  {"model": "colleges.collegeTranslation", "pk": 11, "fields": {"master": 11, "language_code": "en", "name": "College of Agricultural Engineering & Technology, AAU, Godhra",   "city": "Godhra",         "district": "Panchmahal"}},
  {"model": "colleges.collegeTranslation", "pk": 12, "fields": {"master": 12, "language_code": "en", "name": "College of Food Processing Technology & Bio Energy, AAU, Anand",  "city": "Anand",          "district": "Anand"}},
  {"model": "colleges.collegeTranslation", "pk": 13, "fields": {"master": 13, "language_code": "en", "name": "College of Agricultural Information Technology, AAU, Anand",       "city": "Anand",          "district": "Anand"}},
  {"model": "colleges.collegeTranslation", "pk": 14, "fields": {"master": 14, "language_code": "en", "name": "N. M. College of Agriculture, NAU, Navsari",                      "city": "Navsari",        "district": "Navsari"}},
  {"model": "colleges.collegeTranslation", "pk": 15, "fields": {"master": 15, "language_code": "en", "name": "College of Agriculture, NAU, Bharuch",                            "city": "Bharuch",        "district": "Bharuch"}},
  {"model": "colleges.collegeTranslation", "pk": 16, "fields": {"master": 16, "language_code": "en", "name": "College of Agriculture, NAU, Waghai",                             "city": "Waghai",         "district": "Dang"}},
  {"model": "colleges.collegeTranslation", "pk": 17, "fields": {"master": 17, "language_code": "en", "name": "ASPEE College of Horticulture, NAU, Navsari",                     "city": "Navsari",        "district": "Navsari"}},
  {"model": "colleges.collegeTranslation", "pk": 18, "fields": {"master": 18, "language_code": "en", "name": "ASPEE Shakilam Biotechnology Institute, NAU, Surat",              "city": "Surat",          "district": "Surat"}},
  {"model": "colleges.collegeTranslation", "pk": 19, "fields": {"master": 19, "language_code": "en", "name": "College of Forestry, NAU, Navsari",                               "city": "Navsari",        "district": "Navsari"}},
  {"model": "colleges.collegeTranslation", "pk": 20, "fields": {"master": 20, "language_code": "en", "name": "College of Agricultural Engineering & Technology, NAU, Dediyapada","city": "Dediyapada",     "district": "Narmada"}},
  {"model": "colleges.collegeTranslation", "pk": 21, "fields": {"master": 21, "language_code": "en", "name": "CP College of Agriculture, SDAU, Sardarkrushinagar",               "city": "Sardarkrushinagar","district": "Banaskantha"}},
  {"model": "colleges.collegeTranslation", "pk": 22, "fields": {"master": 22, "language_code": "en", "name": "College of Agriculture, SDAU, Tharad",                            "city": "Tharad",         "district": "Banaskantha"}},
  {"model": "colleges.collegeTranslation", "pk": 23, "fields": {"master": 23, "language_code": "en", "name": "College of Agriculture, SDAU, Bhuj (Currently at Bhachau)",       "city": "Bhachau",        "district": "Kutch"}},
  {"model": "colleges.collegeTranslation", "pk": 24, "fields": {"master": 24, "language_code": "en", "name": "College of Horticulture, SDAU, Jagudan",                          "city": "Jagudan",        "district": "Mehsana"}},
  {"model": "colleges.collegeTranslation", "pk": 25, "fields": {"master": 25, "language_code": "en", "name": "College of Basic Science & Humanities, SDAU, Sardarkrushinagar",  "city": "Sardarkrushinagar","district": "Banaskantha"}},
  {"model": "colleges.collegeTranslation", "pk": 26, "fields": {"master": 26, "language_code": "en", "name": "College of Food Technology, SDAU, Sardarkrushinagar",              "city": "Sardarkrushinagar","district": "Banaskantha"}},
  {"model": "colleges.collegeTranslation", "pk": 27, "fields": {"master": 27, "language_code": "en", "name": "College of R.E. & E.E., SDAU, Sardarkrushinagar",                 "city": "Sardarkrushinagar","district": "Banaskantha"}},
  {"model": "colleges.collegeTranslation", "pk": 28, "fields": {"master": 28, "language_code": "en", "name": "ASPEE College of Nutrition and Community Science, SDAU (CS)",     "city": "Sardarkrushinagar","district": "Banaskantha"}},
  {"model": "colleges.collegeTranslation", "pk": 29, "fields": {"master": 29, "language_code": "en", "name": "ASPEE College of Nutrition and Community Science, SDAU (FND)",    "city": "Sardarkrushinagar","district": "Banaskantha"}},
  {"model": "colleges.collegeTranslation", "pk": 30, "fields": {"master": 30, "language_code": "en", "name": "College of Agricultural Engineering & Technology, Khedbramha (Currently at Sardarkrushinagar)", "city": "Sardarkrushinagar","district": "Banaskantha"}},
  {"model": "colleges.collegeTranslation", "pk": 31, "fields": {"master": 31, "language_code": "en", "name": "College of Agriculture, Jamnagar (Currently at Targhadiya Dis. Rajkot)", "city": "Rajkot","district": "Rajkot"}}
]
